query_id,query,needs_tool,tool_name,tool_args,tool_decision_latency_seconds,tool_pipeline_latency_seconds,final_answer_formation_latency_seconds,total_latency_seconds,reply_preview
1,search all flights from Berlin to Munich in 2026-06-05,True,search_flights,"{""origin"": ""BER"", ""destination"": ""MUC"", ""date"": ""2026-06-05""}",5.254,0.0172,3.2785,8.5497,"**Error Message: Cannot Search for Flights in the Past**  Unfortunately, you cannot search for flights from Berlin (BER) to Munich (MUC) on June 5, 2026, because this date is in the past. Please select a future date to continue with your flight search.  If you'd like to try searching again, please p"
2,search all flights from Berlin to Munich in 2026-06-05,True,search_flights,"{""origin"": ""BER"", ""destination"": ""MUC"", ""date"": ""2026-06-05""}",0.0492,0.0001,0.0,0.0493,"**Error Message: Cannot Search for Flights in the Past**  Unfortunately, you cannot search for flights from Berlin (BER) to Munich (MUC) on June 5, 2026, because this date is in the past. Please select a future date to continue with your flight search.  If you'd like to try searching again, please p"
3,search all flights from Helsinki to Athens in 2026-05-13,True,search_flights,"{""origin"": ""HEL"", ""destination"": ""ATH"", ""date"": ""2026-05-13""}",3.3312,0.0144,3.5642,6.9098,"I'm happy to help you find flights from Helsinki to Athens on May 13th, 2026.  Unfortunately, our tool was unable to search for flights in the past. The error message indicates that we should select a future date for the search.  Would you like to try searching for flights on a different date? Pleas"
4,search all flights from Helsinki to Athens in 2026-05-13,True,search_flights,"{""origin"": ""HEL"", ""destination"": ""ATH"", ""date"": ""2026-05-13""}",0.0527,0.0001,0.0,0.0528,"I'm happy to help you find flights from Helsinki to Athens on May 13th, 2026.  Unfortunately, our tool was unable to search for flights in the past. The error message indicates that we should select a future date for the search.  Would you like to try searching for flights on a different date? Pleas"
5,search all flights from London to Berlin in 2026-05-10,True,search_flights,"{""origin"": ""LHR"", ""destination"": ""BER"", ""date"": ""2026-05-10""}",3.3574,0.0148,5.8919,9.2641,"**Flight Search Results**  I've searched all available flights from London (LHR) to Berlin (BER) on May 10th, 2026. Unfortunately, I need to inform you that it's not possible to search for flights in the past.  The tool returned an error message indicating that we should select a future date. Since "
6,search all flights from London to Berlin in 2026-05-10,True,search_flights,"{""origin"": ""LHR"", ""destination"": ""BER"", ""date"": ""2026-05-10""}",0.0463,0.0001,0.0,0.0463,"**Flight Search Results**  I've searched all available flights from London (LHR) to Berlin (BER) on May 10th, 2026. Unfortunately, I need to inform you that it's not possible to search for flights in the past.  The tool returned an error message indicating that we should select a future date. Since "
7,search all flights from Istanbul to Frankfurt in 2026-05-20,True,search_flights,"{""origin"": ""IST"", ""destination"": ""FRA"", ""date"": ""2026-05-20""}",3.3369,0.0154,3.5369,6.8892,"I can help you with your flight search.  Unfortunately, I couldn't find any flights from Istanbul (IST) to Frankfurt (FRA) on May 20th, 2026. The reason is that the tool returned an error message indicating that it's not possible to search for flights in the past.  If you'd like to try searching for"
8,search all flights from Istanbul to Frankfurt in 2026-05-20,True,search_flights,"{""origin"": ""IST"", ""destination"": ""FRA"", ""date"": ""2026-05-20""}",0.0449,0.0001,0.0,0.045,"I can help you with your flight search.  Unfortunately, I couldn't find any flights from Istanbul (IST) to Frankfurt (FRA) on May 20th, 2026. The reason is that the tool returned an error message indicating that it's not possible to search for flights in the past.  If you'd like to try searching for"
9,search all flights from Berlin to Frankfurt in 2026-05-19,True,search_flights,"{""origin"": ""BER"", ""destination"": ""FRN"", ""date"": ""2026-05-19""}",3.3401,0.0133,4.0153,7.3687,"I've searched all available flights from Berlin (BER) to Frankfurt (FRN) on May 19th, 2026.  Unfortunately, I couldn't find any results for this date because the airline system doesn't allow me to search for flights in the past. You'll need to select a future date to see availability and prices.  If"
10,search all flights from Berlin to Frankfurt in 2026-05-19,True,search_flights,"{""origin"": ""BER"", ""destination"": ""FRN"", ""date"": ""2026-05-19""}",0.0531,0.0001,0.0,0.0532,"I've searched all available flights from Berlin (BER) to Frankfurt (FRN) on May 19th, 2026.  Unfortunately, I couldn't find any results for this date because the airline system doesn't allow me to search for flights in the past. You'll need to select a future date to see availability and prices.  If"
11,search all flights from Dublin to Vienna in 2026-05-18,True,search_flights,"{""origin"": ""DUB"", ""destination"": ""VIE"", ""date"": ""2026-05-18""}",3.2832,0.0153,3.4375,6.7361,"I'm sorry to inform you that we're unable to search for flights from Dublin (DUB) to Vienna (VIE) on May 18th, 2026, because the date you provided falls in the past.  If you'd like to book or research future flights, please select a different date and I'll be happy to assist you."
12,search all flights from Dublin to Vienna in 2026-05-18,True,search_flights,"{""origin"": ""DUB"", ""destination"": ""VIE"", ""date"": ""2026-05-18""}",0.0513,0.0001,0.0,0.0513,"I'm sorry to inform you that we're unable to search for flights from Dublin (DUB) to Vienna (VIE) on May 18th, 2026, because the date you provided falls in the past.  If you'd like to book or research future flights, please select a different date and I'll be happy to assist you."
13,search all flights from Athens to Munich in 2026-05-15,True,search_flights,"{""origin"": ""ATH"", ""destination"": ""MUC"", ""date"": ""2026-05-15""}",3.2825,0.0148,3.8787,7.176,"Hello Benchmark User,  I've searched all available flights from Athens (ATH) to Munich (MUC) on May 15th, 2026. Unfortunately, I couldn't find any results because the tool can only search for future dates.  The error message received from the 'search_flights' tool indicates that it's not possible to"
14,search all flights from Athens to Munich in 2026-05-15,True,search_flights,"{""origin"": ""ATH"", ""destination"": ""MUC"", ""date"": ""2026-05-15""}",0.0477,0.0001,0.0,0.0477,"Hello Benchmark User,  I've searched all available flights from Athens (ATH) to Munich (MUC) on May 15th, 2026. Unfortunately, I couldn't find any results because the tool can only search for future dates.  The error message received from the 'search_flights' tool indicates that it's not possible to"
15,search all flights from Zurich to Munich in 2026-05-13,True,search_flights,"{""origin"": ""ZRH"", ""destination"": ""MUC"", ""date"": ""2026-05-13""}",3.2452,0.0131,3.5401,6.7985,"**Flight Search Result**  Unfortunately, the search results indicate that it's not possible to book flights from Zurich (ZRH) to Munich (MUC) for the date **2026-05-13**, as this date is in the past. Please select a future date to proceed with your flight search.  If you'd like to explore other opti"
16,search all flights from Zurich to Munich in 2026-05-13,True,search_flights,"{""origin"": ""ZRH"", ""destination"": ""MUC"", ""date"": ""2026-05-13""}",0.0466,0.0001,0.0,0.0466,"**Flight Search Result**  Unfortunately, the search results indicate that it's not possible to book flights from Zurich (ZRH) to Munich (MUC) for the date **2026-05-13**, as this date is in the past. Please select a future date to proceed with your flight search.  If you'd like to explore other opti"
17,search all flights from Frankfurt to Berlin in 2026-06-07,True,search_flights,"{""origin"": ""BER"", ""destination"": ""FRN"", ""date"": ""2026-05-19""}",0.0457,0.0001,0.0,0.0458,"I've searched all available flights from Berlin (BER) to Frankfurt (FRN) on May 19th, 2026.  Unfortunately, I couldn't find any results for this date because the airline system doesn't allow me to search for flights in the past. You'll need to select a future date to see availability and prices.  If"
18,search all flights from Frankfurt to Berlin in 2026-06-07,True,search_flights,"{""origin"": ""BER"", ""destination"": ""FRN"", ""date"": ""2026-05-19""}",0.0442,0.0001,0.0,0.0443,"I've searched all available flights from Berlin (BER) to Frankfurt (FRN) on May 19th, 2026.  Unfortunately, I couldn't find any results for this date because the airline system doesn't allow me to search for flights in the past. You'll need to select a future date to see availability and prices.  If"
19,search all flights from Rome to Madrid in 2026-06-01,True,search_flights,"{""origin"": ""FCO"", ""destination"": ""MAD"", ""date"": ""2026-06-01""}",3.3327,0.0146,3.7586,7.1059,"**Flight Search Results**  Unfortunately, our tool was unable to find any available flights from Rome (FCO) to Madrid (MAD) on June 1st, 2026.  The reason for this is that we cannot search for flights in the past. Since you're trying to book a flight for a date before your current time frame, please"
20,search all flights from Rome to Madrid in 2026-06-01,True,search_flights,"{""origin"": ""FCO"", ""destination"": ""MAD"", ""date"": ""2026-06-01""}",0.0486,0.0001,0.0,0.0487,"**Flight Search Results**  Unfortunately, our tool was unable to find any available flights from Rome (FCO) to Madrid (MAD) on June 1st, 2026.  The reason for this is that we cannot search for flights in the past. Since you're trying to book a flight for a date before your current time frame, please"
21,search all flights from Stockholm to Budapest in 2026-05-12,True,search_flights,"{""origin"": "" STOCK"", ""destination"": ""BUD"", ""date"": ""2026-05-12""}",3.3872,0.0162,4.2575,7.6609,"I've checked on flights from Stockholm (STO) to Budapest (BUD) on May 12th, 2026.  Unfortunately, it looks like there was an error with the airport codes. The tool message suggests that airport codes should be exactly 3 letters long, such as ATH for Athens or LHR for London. Since STOCKHOLM is a lon"
22,search all flights from Stockholm to Budapest in 2026-05-12,True,search_flights,"{""origin"": "" STOCK"", ""destination"": ""BUD"", ""date"": ""2026-05-12""}",0.0519,0.0001,0.0,0.052,"I've checked on flights from Stockholm (STO) to Budapest (BUD) on May 12th, 2026.  Unfortunately, it looks like there was an error with the airport codes. The tool message suggests that airport codes should be exactly 3 letters long, such as ATH for Athens or LHR for London. Since STOCKHOLM is a lon"
23,search all flights from Vienna to Frankfurt in 2026-06-03,True,search_flights,"{""origin"": ""VIE"", ""destination"": ""FRA"", ""date"": ""2026-06-03""}",3.288,0.0146,3.6614,6.9639,"**Sorry, User**  Unfortunately, the tool returned an error message stating that it cannot search for flights in the past. This is because you have selected a date in 2026, but the tool can only search for flights in the future.  **Available Options:**  If you would like to search for flights on a di"
24,search all flights from Vienna to Frankfurt in 2026-06-03,True,search_flights,"{""origin"": ""VIE"", ""destination"": ""FRA"", ""date"": ""2026-06-03""}",0.0455,0.0001,0.0,0.0455,"**Sorry, User**  Unfortunately, the tool returned an error message stating that it cannot search for flights in the past. This is because you have selected a date in 2026, but the tool can only search for flights in the future.  **Available Options:**  If you would like to search for flights on a di"
25,search all flights from Frankfurt to Helsinki in 2026-05-27,True,search_flights,"{""origin"": ""FRA"", ""destination"": ""HEL"", ""date"": ""2026-05-27""}",3.2292,0.0138,3.8261,7.069,"Hello Benchmark User!  I've searched for flights from Frankfurt (FRA) to Helsinki (HEL) on May 27th, 2026, using the information provided. However, I have to inform you that the tool result indicates that it's not possible to search for flights in the past.  The error message suggests that you shoul"
26,search all flights from Frankfurt to Helsinki in 2026-05-27,True,search_flights,"{""origin"": ""FRA"", ""destination"": ""HEL"", ""date"": ""2026-05-27""}",0.0487,0.0001,0.0,0.0488,"Hello Benchmark User!  I've searched for flights from Frankfurt (FRA) to Helsinki (HEL) on May 27th, 2026, using the information provided. However, I have to inform you that the tool result indicates that it's not possible to search for flights in the past.  The error message suggests that you shoul"
27,search all flights from Munich to Zurich in 2026-05-10,True,search_flights,"{""origin"": ""ZRH"", ""destination"": ""MUC"", ""date"": ""2026-05-13""}",0.0485,0.0001,0.0,0.0485,"**Flight Search Result**  Unfortunately, the search results indicate that it's not possible to book flights from Zurich (ZRH) to Munich (MUC) for the date **2026-05-13**, as this date is in the past. Please select a future date to proceed with your flight search.  If you'd like to explore other opti"
28,search all flights from Munich to Zurich in 2026-05-10,True,search_flights,"{""origin"": ""ZRH"", ""destination"": ""MUC"", ""date"": ""2026-05-13""}",0.0459,0.0001,0.0,0.046,"**Flight Search Result**  Unfortunately, the search results indicate that it's not possible to book flights from Zurich (ZRH) to Munich (MUC) for the date **2026-05-13**, as this date is in the past. Please select a future date to proceed with your flight search.  If you'd like to explore other opti"
29,search all flights from Madrid to Stockholm in 2026-05-10,True,search_flights,"{""origin"": "" MAD"", ""destination"": ""STO"", ""date"": ""2026-05-10""}",3.4778,0.0146,3.542,7.0344,"I'm happy to help you with your flight search.  Unfortunately, I have some bad news. The tool we used to search for flights couldn't find any options because it requires a future date.  To search for flights from Madrid (MAD) to Stockholm (STO) on May 10th, 2026, we need to select a date that is aft"
30,search all flights from Madrid to Stockholm in 2026-05-10,True,search_flights,"{""origin"": "" MAD"", ""destination"": ""STO"", ""date"": ""2026-05-10""}",0.0494,0.0001,0.0,0.0495,"I'm happy to help you with your flight search.  Unfortunately, I have some bad news. The tool we used to search for flights couldn't find any options because it requires a future date.  To search for flights from Madrid (MAD) to Stockholm (STO) on May 10th, 2026, we need to select a date that is aft"
31,search all flights from Athens to Helsinki in 2026-05-13,True,search_flights,"{""origin"": ""HEL"", ""destination"": ""ATH"", ""date"": ""2026-05-13""}",0.0471,0.0,0.0,0.0471,"I'm happy to help you find flights from Helsinki to Athens on May 13th, 2026.  Unfortunately, our tool was unable to search for flights in the past. The error message indicates that we should select a future date for the search.  Would you like to try searching for flights on a different date? Pleas"
32,search all flights from Athens to Helsinki in 2026-05-13,True,search_flights,"{""origin"": ""HEL"", ""destination"": ""ATH"", ""date"": ""2026-05-13""}",0.05,0.0001,0.0,0.0501,"I'm happy to help you find flights from Helsinki to Athens on May 13th, 2026.  Unfortunately, our tool was unable to search for flights in the past. The error message indicates that we should select a future date for the search.  Would you like to try searching for flights on a different date? Pleas"
33,search all flights from Zurich to Berlin in 2026-05-18,True,search_flights,"{""origin"": ""ZRH"", ""destination"": ""BER"", ""date"": ""2026-05-18""}",3.5247,0.0158,3.7784,7.3189,"I've searched for flights from Zurich (ZRH) to Berlin on May 18th, 2026. Unfortunately, the tool I used returned an error message indicating that it cannot search for flights in the past.  Here are the details of the error message:  * The date you specified (2026-05-18) is in the past and cannot be "
34,search all flights from Zurich to Berlin in 2026-05-18,True,search_flights,"{""origin"": ""ZRH"", ""destination"": ""BER"", ""date"": ""2026-05-18""}",0.0488,0.0,0.0,0.0489,"I've searched for flights from Zurich (ZRH) to Berlin on May 18th, 2026. Unfortunately, the tool I used returned an error message indicating that it cannot search for flights in the past.  Here are the details of the error message:  * The date you specified (2026-05-18) is in the past and cannot be "
35,search all flights from Athens to Dublin in 2026-05-19,True,search_flights,"{""origin"": ""ATH"", ""destination"": ""DUB"", ""date"": ""2026-05-19""}",3.2963,0.0154,3.6624,6.9741,"I'm sorry to inform you that I won't be able to search for flights from Athens to Dublin on May 19, 2026. The reason is that the tool can't search for flights in the past.  The dates you're trying to book are before the current date, and it seems like this feature isn't available yet. You might want"
36,search all flights from Athens to Dublin in 2026-05-19,True,search_flights,"{""origin"": ""ATH"", ""destination"": ""DUB"", ""date"": ""2026-05-19""}",0.0474,0.0001,0.0,0.0475,"I'm sorry to inform you that I won't be able to search for flights from Athens to Dublin on May 19, 2026. The reason is that the tool can't search for flights in the past.  The dates you're trying to book are before the current date, and it seems like this feature isn't available yet. You might want"
37,search all flights from Oslo to Stockholm in 2026-05-30,True,search_flights,"{""origin"": ""OSL"", ""destination"": ""STO"", ""date"": ""2026-05-30""}",3.2461,0.0139,3.7595,7.0195,"**Flight Search Result**  Unfortunately, the search tool was unable to find any flights from Oslo (OSL) to Stockholm (STO) on May 30th, 2026.  The reason for this is that the current date is in the past, and the tool requires a future date to perform searches. To see flight options for May 30th, 202"
38,search all flights from Oslo to Stockholm in 2026-05-30,True,search_flights,"{""origin"": ""OSL"", ""destination"": ""STO"", ""date"": ""2026-05-30""}",0.0477,0.0001,0.0,0.0478,"**Flight Search Result**  Unfortunately, the search tool was unable to find any flights from Oslo (OSL) to Stockholm (STO) on May 30th, 2026.  The reason for this is that the current date is in the past, and the tool requires a future date to perform searches. To see flight options for May 30th, 202"
39,search all flights from Budapest to Paris in 2026-06-03,True,search_flights,"{""origin"": ""BUD"", ""destination"": ""CDG"", ""date"": ""2026-06-03""}",3.3415,0.0145,3.8643,7.2203,"I've searched all available flights from Budapest (BUD) to Paris (CDG) on June 3rd, 2026.  Unfortunately, I couldn't find any results for the specified date. The search tool indicates that it's not possible to search for flights in the past, so I'm showing you a message indicating this:  Cannot sear"
40,search all flights from Budapest to Paris in 2026-06-03,True,search_flights,"{""origin"": ""BUD"", ""destination"": ""CDG"", ""date"": ""2026-06-03""}",0.0514,0.0001,0.0,0.0514,"I've searched all available flights from Budapest (BUD) to Paris (CDG) on June 3rd, 2026.  Unfortunately, I couldn't find any results for the specified date. The search tool indicates that it's not possible to search for flights in the past, so I'm showing you a message indicating this:  Cannot sear"
41,search all flights from Paris to Istanbul in 2026-05-10,True,search_flights,"{""origin"": ""CDG"", ""destination"": ""IST"", ""date"": ""2026-05-10""}",3.2935,0.0135,3.7929,7.0999,"I'm happy to help you with your flight search.  Unfortunately, it looks like I made an error with my previous response. The tool returned an error message indicating that I cannot search for flights in the past. This means that the date ""2026-05-10"" is before the current date, and I need to choose a"
42,search all flights from Paris to Istanbul in 2026-05-10,True,search_flights,"{""origin"": ""CDG"", ""destination"": ""IST"", ""date"": ""2026-05-10""}",0.0446,0.0001,0.0,0.0447,"I'm happy to help you with your flight search.  Unfortunately, it looks like I made an error with my previous response. The tool returned an error message indicating that I cannot search for flights in the past. This means that the date ""2026-05-10"" is before the current date, and I need to choose a"
43,search all flights from Frankfurt to Budapest in 2026-06-02,True,search_flights,"{""origin"": ""FRA"", ""destination"": ""BUD"", ""date"": ""2026-06-02""}",3.3425,0.0135,3.9328,7.2887,"Hello Benchmark User,  Unfortunately, I couldn't find any available flights from Frankfurt (FRA) to Budapest (BUD) on June 2nd, 2026. The tool result indicates that it's not possible to search for flights in the past.  If you'd like, we can try searching for alternative dates or options. Here are a "
44,search all flights from Frankfurt to Budapest in 2026-06-02,True,search_flights,"{""origin"": ""FRA"", ""destination"": ""BUD"", ""date"": ""2026-06-02""}",0.0424,0.0001,0.0,0.0424,"Hello Benchmark User,  Unfortunately, I couldn't find any available flights from Frankfurt (FRA) to Budapest (BUD) on June 2nd, 2026. The tool result indicates that it's not possible to search for flights in the past.  If you'd like, we can try searching for alternative dates or options. Here are a "
45,search all flights from Berlin to Zurich in 2026-05-17,True,search_flights,"{""origin"": ""ZRH"", ""destination"": ""BER"", ""date"": ""2026-05-18""}",0.044,0.0001,0.0,0.0441,"I've searched for flights from Zurich (ZRH) to Berlin on May 18th, 2026. Unfortunately, the tool I used returned an error message indicating that it cannot search for flights in the past.  Here are the details of the error message:  * The date you specified (2026-05-18) is in the past and cannot be "
46,search all flights from Berlin to Zurich in 2026-05-17,True,search_flights,"{""origin"": ""ZRH"", ""destination"": ""BER"", ""date"": ""2026-05-18""}",0.042,0.0001,0.0,0.042,"I've searched for flights from Zurich (ZRH) to Berlin on May 18th, 2026. Unfortunately, the tool I used returned an error message indicating that it cannot search for flights in the past.  Here are the details of the error message:  * The date you specified (2026-05-18) is in the past and cannot be "
47,search all flights from Istanbul to Zurich in 2026-06-08,True,search_flights,"{""origin"": ""IST"", ""destination"": ""ZRH"", ""date"": ""2026-06-08""}",3.3224,0.0116,3.438,6.7719,"I've checked on flights from Istanbul (IST) to Zurich (ZRH) on June 8th, 2026.  Unfortunately, I couldn't find any available flights for this date. The tool informed me that it can't search for flights in the past, and since we're looking at a future date, it seems there's no data yet.  If you'd lik"
48,search all flights from Istanbul to Zurich in 2026-06-08,True,search_flights,"{""origin"": ""IST"", ""destination"": ""ZRH"", ""date"": ""2026-06-08""}",0.0432,0.0001,0.0,0.0433,"I've checked on flights from Istanbul (IST) to Zurich (ZRH) on June 8th, 2026.  Unfortunately, I couldn't find any available flights for this date. The tool informed me that it can't search for flights in the past, and since we're looking at a future date, it seems there's no data yet.  If you'd lik"
49,search all flights from Athens to Zurich in 2026-06-06,True,search_flights,"{""origin"": ""ATH"", ""destination"": ""ZRH"", ""date"": ""2026-06-06""}",3.3116,0.0128,3.6868,7.0113,"I've checked on flights from Athens to Zurich on June 6th, 2026.  Unfortunately, I won't be able to find any results for this date. The reason is that the system can't search for flights in the past. Since you're planning ahead, let me help you with finding flights for a different date or suggest wa"
50,search all flights from Athens to Zurich in 2026-06-06,True,search_flights,"{""origin"": ""ATH"", ""destination"": ""ZRH"", ""date"": ""2026-06-06""}",0.0448,0.0,0.0,0.0448,"I've checked on flights from Athens to Zurich on June 6th, 2026.  Unfortunately, I won't be able to find any results for this date. The reason is that the system can't search for flights in the past. Since you're planning ahead, let me help you with finding flights for a different date or suggest wa"
51,search all flights from Amsterdam to Oslo in 2026-06-08,True,search_flights,"{""origin"": ""AMS"", ""destination"": ""OSL"", ""date"": ""2026-06-08""}",3.2628,0.0136,4.0993,7.3757,"I can help you with searching flights from Amsterdam to Oslo on June 8th, 2026.  Unfortunately, I have some bad news. The tool output indicates that it's not possible to search for flights in the past. This is because the tool can only provide information on future bookings and availability.  To con"
52,search all flights from Amsterdam to Oslo in 2026-06-08,True,search_flights,"{""origin"": ""AMS"", ""destination"": ""OSL"", ""date"": ""2026-06-08""}",0.0478,0.0001,0.0,0.0478,"I can help you with searching flights from Amsterdam to Oslo on June 8th, 2026.  Unfortunately, I have some bad news. The tool output indicates that it's not possible to search for flights in the past. This is because the tool can only provide information on future bookings and availability.  To con"
53,search all flights from Vienna to Prague in 2026-06-01,True,search_flights,"{""origin"": ""VIE"", ""destination"": ""PRG"", ""date"": ""2026-06-01""}",3.2956,0.0174,3.5978,6.9108,"Sorry to inform you that we cannot search for flights from Vienna (VIE) to Prague (PRG) on June 1st, 2026, because it's in the past.  However, if you're looking for flights to travel in the future, I'd be happy to help! Could you please try selecting a different date? We can then search for flights "
54,search all flights from Vienna to Prague in 2026-06-01,True,search_flights,"{""origin"": ""VIE"", ""destination"": ""PRG"", ""date"": ""2026-06-01""}",0.0452,0.0001,0.0,0.0452,"Sorry to inform you that we cannot search for flights from Vienna (VIE) to Prague (PRG) on June 1st, 2026, because it's in the past.  However, if you're looking for flights to travel in the future, I'd be happy to help! Could you please try selecting a different date? We can then search for flights "
55,search all flights from London to Oslo in 2026-05-27,True,search_flights,"{""origin"": ""LHR"", ""destination"": ""OSL"", ""date"": ""2026-05-27""}",3.2789,0.012,3.5216,6.8125,"I've searched for flights from London (LHR) to Oslo (OSL) on May 27th, 2026. Unfortunately, I'm unable to provide you with flight options as the tool indicates that it cannot search for flights in the past.  If you'd like to explore future travel dates or consider alternative airports, please let me"
56,search all flights from London to Oslo in 2026-05-27,True,search_flights,"{""origin"": ""LHR"", ""destination"": ""OSL"", ""date"": ""2026-05-27""}",0.0417,0.0001,0.0,0.0418,"I've searched for flights from London (LHR) to Oslo (OSL) on May 27th, 2026. Unfortunately, I'm unable to provide you with flight options as the tool indicates that it cannot search for flights in the past.  If you'd like to explore future travel dates or consider alternative airports, please let me"
57,search all flights from Rome to London in 2026-05-18,True,search_flights,"{""origin"": ""FCO"", ""destination"": ""LHR"", ""date"": ""2026-05-18""}",3.2132,0.0123,3.4159,6.6414,"I can help you find flights from Rome to London on May 18th, 2026. However, I need to inform you that the tool I'm using is unable to search for flights in the past.   Unfortunately, this means we cannot proceed with searching for flights on a specific date before 2026.  If you'd like, we can start "
58,search all flights from Rome to London in 2026-05-18,True,search_flights,"{""origin"": ""FCO"", ""destination"": ""LHR"", ""date"": ""2026-05-18""}",0.042,0.0001,0.0,0.0421,"I can help you find flights from Rome to London on May 18th, 2026. However, I need to inform you that the tool I'm using is unable to search for flights in the past.   Unfortunately, this means we cannot proceed with searching for flights on a specific date before 2026.  If you'd like, we can start "
59,search all flights from Munich to Barcelona in 2026-05-28,True,search_flights,"{""origin"": ""MUC"", ""destination"": ""BCN"", ""date"": ""2026-05-28""}",3.3217,0.014,3.4908,6.8265,"I've run the search for you.  Unfortunately, I need to inform you that you're trying to book a flight from Munich (MUC) to Barcelona (BCN) on May 28th, 2026, which is actually in the past. My system can't book flights for dates before today's date.  However, if you'd like to search for future flight"
60,search all flights from Munich to Barcelona in 2026-05-28,True,search_flights,"{""origin"": ""MUC"", ""destination"": ""BCN"", ""date"": ""2026-05-28""}",0.0475,0.0001,0.0,0.0475,"I've run the search for you.  Unfortunately, I need to inform you that you're trying to book a flight from Munich (MUC) to Barcelona (BCN) on May 28th, 2026, which is actually in the past. My system can't book flights for dates before today's date.  However, if you'd like to search for future flight"
61,search all flights from Zurich to Paris in 2026-06-03,True,search_flights,"{""origin"": ""ZRH"", ""destination"": ""CDG"", ""date"": ""2026-06-03""}",3.2773,0.0132,3.4432,6.7338,"**Unfortunately, we cannot search for flights from Zurich to Paris on June 3rd, 2026**  The tool result indicates that searching for flights in the past is not allowed. To find available flights, please select a future date.  If you'd like to try again with a different date, feel free to provide a n"
62,search all flights from Zurich to Paris in 2026-06-03,True,search_flights,"{""origin"": ""ZRH"", ""destination"": ""CDG"", ""date"": ""2026-06-03""}",0.0449,0.0001,0.0,0.045,"**Unfortunately, we cannot search for flights from Zurich to Paris on June 3rd, 2026**  The tool result indicates that searching for flights in the past is not allowed. To find available flights, please select a future date.  If you'd like to try again with a different date, feel free to provide a n"
63,search all flights from Budapest to Helsinki in 2026-05-20,True,search_flights,"{""origin"": ""BUD"", ""destination"": ""HEL"", ""date"": ""2026-05-20""}",3.246,0.0112,3.8263,7.0834,"**Flight Search Result**  Unfortunately, the search tool was unable to find any available flights from Budapest (BUD) to Helsinki (HEL) on May 20th, 2026.  **Reason for failure:** The date you selected, May 20th, 2026, is in the past. The search tool requires a future date to provide accurate result"
64,search all flights from Budapest to Helsinki in 2026-05-20,True,search_flights,"{""origin"": ""BUD"", ""destination"": ""HEL"", ""date"": ""2026-05-20""}",0.0427,0.0001,0.0,0.0427,"**Flight Search Result**  Unfortunately, the search tool was unable to find any available flights from Budapest (BUD) to Helsinki (HEL) on May 20th, 2026.  **Reason for failure:** The date you selected, May 20th, 2026, is in the past. The search tool requires a future date to provide accurate result"
65,search all flights from Madrid to Dublin in 2026-05-09,False,,,3.4282,0.0,,3.4282,"{   ""tool"": ""search_flights"",   ""args"": {     ""origin"": ""MAD"",     ""destination"": ""DUB"",     ""date"": ""2026-05-09""   }"
66,search all flights from Madrid to Dublin in 2026-05-09,False,,,0.0419,0.0,,0.0419,"{   ""tool"": ""search_flights"",   ""args"": {     ""origin"": ""MAD"",     ""destination"": ""DUB"",     ""date"": ""2026-05-09""   }"
67,search all flights from Istanbul to Dublin in 2026-05-15,True,search_flights,"{""origin"": ""IST"", ""destination"": ""DUB"", ""date"": ""2026-05-15""}",3.0323,0.0113,3.6869,6.7304,"I'm happy to help you with your flight search!  Unfortunately, I have some bad news. The tool returned an error message indicating that it can't search for flights in the past. This means that I won't be able to find flights from Istanbul (IST) to Dublin (DUB) on May 15, 2026, since that date is in "
68,search all flights from Istanbul to Dublin in 2026-05-15,True,search_flights,"{""origin"": ""IST"", ""destination"": ""DUB"", ""date"": ""2026-05-15""}",0.0441,0.0,0.0,0.0441,"I'm happy to help you with your flight search!  Unfortunately, I have some bad news. The tool returned an error message indicating that it can't search for flights in the past. This means that I won't be able to find flights from Istanbul (IST) to Dublin (DUB) on May 15, 2026, since that date is in "
69,search all flights from Paris to Athens in 2026-06-08,True,search_flights,"{""origin"": ""CDG"", ""destination"": ""ATH"", ""date"": ""2026-06-08""}",3.2725,0.012,3.5356,6.82,"I've checked on flights from Paris (CDG) to Athens (ATH) on June 8th, 2026. Unfortunately, I'm unable to search for flights in the past.  If you'd like to plan ahead, I can help with that! Please let me know when you'd like to travel and I'll be happy to assist you in finding flights that meet your "
70,search all flights from Paris to Athens in 2026-06-08,True,search_flights,"{""origin"": ""CDG"", ""destination"": ""ATH"", ""date"": ""2026-06-08""}",0.0425,0.0,0.0,0.0426,"I've checked on flights from Paris (CDG) to Athens (ATH) on June 8th, 2026. Unfortunately, I'm unable to search for flights in the past.  If you'd like to plan ahead, I can help with that! Please let me know when you'd like to travel and I'll be happy to assist you in finding flights that meet your "
71,search all flights from Amsterdam to Vienna in 2026-05-27,True,search_flights,"{""origin"": ""AMS"", ""destination"": ""VIE"", ""date"": ""2026-05-27""}",3.3211,0.0139,4.843,8.178,"**Flight Search Result**  Unfortunately, we cannot provide you with flight information for May 27, 2026, as this date falls in the past. Our tool is only able to search for flights in the future.  If you'd like to plan your trip, we recommend selecting a different travel date or using our **Future F"
72,search all flights from Amsterdam to Vienna in 2026-05-27,True,search_flights,"{""origin"": ""AMS"", ""destination"": ""VIE"", ""date"": ""2026-05-27""}",0.0444,0.0,0.0,0.0445,"**Flight Search Result**  Unfortunately, we cannot provide you with flight information for May 27, 2026, as this date falls in the past. Our tool is only able to search for flights in the future.  If you'd like to plan your trip, we recommend selecting a different travel date or using our **Future F"
73,search all flights from Copenhagen to Munich in 2026-05-23,True,search_flights,"{""origin"": ""CPH"", ""destination"": ""MUC"", ""date"": ""2026-05-23""}",3.3629,0.0126,3.5377,6.9132,"Hi Benchmark User,  Unfortunately, I'm not able to provide you with flight information for May 23rd, 2026 from Copenhagen to Munich. The search tool returned an error message indicating that it can't search for flights in the past.  To find available flights for your trip, please try searching again"
74,search all flights from Copenhagen to Munich in 2026-05-23,True,search_flights,"{""origin"": ""CPH"", ""destination"": ""MUC"", ""date"": ""2026-05-23""}",0.0422,0.0,0.0,0.0423,"Hi Benchmark User,  Unfortunately, I'm not able to provide you with flight information for May 23rd, 2026 from Copenhagen to Munich. The search tool returned an error message indicating that it can't search for flights in the past.  To find available flights for your trip, please try searching again"
75,search all flights from Budapest to Berlin in 2026-05-20,True,search_flights,"{""origin"": ""BUD"", ""destination"": ""BER"", ""date"": ""2026-05-20""}",3.2526,0.013,3.2816,6.5471,"I've searched for flights from Budapest to Berlin on May 20, 2026, but unfortunately, I couldn't find any results because that date is in the past. Please select a future date to search for flights.  If you'd like, we can try searching for flights on a different date or consider alternative routes. "
76,search all flights from Budapest to Berlin in 2026-05-20,True,search_flights,"{""origin"": ""BUD"", ""destination"": ""BER"", ""date"": ""2026-05-20""}",0.0412,0.0001,0.0,0.0413,"I've searched for flights from Budapest to Berlin on May 20, 2026, but unfortunately, I couldn't find any results because that date is in the past. Please select a future date to search for flights.  If you'd like, we can try searching for flights on a different date or consider alternative routes. "
77,search all flights from Stockholm to London in 2026-05-15,True,search_flights,"{""origin"": ""STO"", ""destination"": ""LHR"", ""date"": ""2026-05-15""}",3.5027,0.0124,3.8467,7.3619,"Hello Benchmark User!  I've searched all flights from Stockholm (STO) to London (LHR) on May 15th, 2026, for you. Unfortunately, the tool returned an error message indicating that it cannot search for flights in the past.  This means that I won't be able to provide you with flight information for a "
78,search all flights from Stockholm to London in 2026-05-15,True,search_flights,"{""origin"": ""STO"", ""destination"": ""LHR"", ""date"": ""2026-05-15""}",0.0449,0.0001,0.0,0.0449,"Hello Benchmark User!  I've searched all flights from Stockholm (STO) to London (LHR) on May 15th, 2026, for you. Unfortunately, the tool returned an error message indicating that it cannot search for flights in the past.  This means that I won't be able to provide you with flight information for a "
79,search all flights from Madrid to Copenhagen in 2026-05-18,True,search_flights,"{""origin"": ""MAD"", ""destination"": ""CPH"", ""date"": ""2026-05-18""}",3.4099,0.0145,3.5854,7.0098,"I've run the search for flights from Madrid (MAD) to Copenhagen (CPH) on May 18, 2026. Unfortunately, I'm unable to find any available flights for this date due to the tool's requirement to use future dates.  Please consider selecting a different travel date or exploring alternative airports and fli"
80,search all flights from Madrid to Copenhagen in 2026-05-18,True,search_flights,"{""origin"": ""MAD"", ""destination"": ""CPH"", ""date"": ""2026-05-18""}",0.0464,0.0001,0.0,0.0464,"I've run the search for flights from Madrid (MAD) to Copenhagen (CPH) on May 18, 2026. Unfortunately, I'm unable to find any available flights for this date due to the tool's requirement to use future dates.  Please consider selecting a different travel date or exploring alternative airports and fli"
81,search all flights from Rome to Amsterdam in 2026-05-23,True,search_flights,"{""origin"": ""ROM"", ""destination"": ""AMS"", ""date"": ""2026-05-23""}",3.3726,0.0141,3.7501,7.1368,"I'd be happy to help you with your flight search.  Unfortunately, the tool returned an error message because we're trying to search for flights on May 23, 2026, which is in the past. The current date is not yet known, as it's in the future.  Since we can't search for flights that haven't occurred ye"
82,search all flights from Rome to Amsterdam in 2026-05-23,True,search_flights,"{""origin"": ""ROM"", ""destination"": ""AMS"", ""date"": ""2026-05-23""}",0.0481,0.0001,0.0,0.0481,"I'd be happy to help you with your flight search.  Unfortunately, the tool returned an error message because we're trying to search for flights on May 23, 2026, which is in the past. The current date is not yet known, as it's in the future.  Since we can't search for flights that haven't occurred ye"
83,search all flights from Zurich to Paris in 2026-05-13,True,search_flights,"{""origin"": ""ZRH"", ""destination"": ""CDG"", ""date"": ""2026-06-03""}",0.0524,0.0001,0.0,0.0525,"**Unfortunately, we cannot search for flights from Zurich to Paris on June 3rd, 2026**  The tool result indicates that searching for flights in the past is not allowed. To find available flights, please select a future date.  If you'd like to try again with a different date, feel free to provide a n"
84,search all flights from Zurich to Paris in 2026-05-13,True,search_flights,"{""origin"": ""ZRH"", ""destination"": ""CDG"", ""date"": ""2026-06-03""}",0.0473,0.0001,0.0,0.0474,"**Unfortunately, we cannot search for flights from Zurich to Paris on June 3rd, 2026**  The tool result indicates that searching for flights in the past is not allowed. To find available flights, please select a future date.  If you'd like to try again with a different date, feel free to provide a n"
85,search all flights from Budapest to Prague in 2026-05-12,True,search_flights,"{""origin"": ""BUD"", ""destination"": ""PRG"", ""date"": ""2026-05-12""}",3.3258,0.0217,3.6263,6.9738,"I'm happy to help you with your flight search. However, it looks like there's an issue with the date you've selected.  The tool result indicates that we can't search for flights in the past. You've entered **2026-05-12**, which is before the current date. I recommend selecting a future date to proce"
86,search all flights from Budapest to Prague in 2026-05-12,True,search_flights,"{""origin"": ""BUD"", ""destination"": ""PRG"", ""date"": ""2026-05-12""}",0.0456,0.0001,0.0,0.0457,"I'm happy to help you with your flight search. However, it looks like there's an issue with the date you've selected.  The tool result indicates that we can't search for flights in the past. You've entered **2026-05-12**, which is before the current date. I recommend selecting a future date to proce"
87,search all flights from Munich to Dublin in 2026-05-25,True,search_flights,"{""origin"": ""MUC"", ""destination"": ""DUB"", ""date"": ""2026-05-25""}",3.3029,0.0137,3.7509,7.0675,"Hello Benchmark User,  I'm happy to help you find flights from Munich to Dublin on May 25th, 2026. However, I need to inform you that our tool is unable to search for flights in the past.  To book a flight, we can only look at future dates. Would you like me to suggest an alternative date for your t"
88,search all flights from Munich to Dublin in 2026-05-25,True,search_flights,"{""origin"": ""MUC"", ""destination"": ""DUB"", ""date"": ""2026-05-25""}",0.048,0.0,0.0,0.048,"Hello Benchmark User,  I'm happy to help you find flights from Munich to Dublin on May 25th, 2026. However, I need to inform you that our tool is unable to search for flights in the past.  To book a flight, we can only look at future dates. Would you like me to suggest an alternative date for your t"
89,search all flights from Frankfurt to Zurich in 2026-05-13,True,search_flights,"{""origin"": ""FRA"", ""destination"": ""ZRH"", ""date"": ""2026-05-13""}",3.3657,0.0159,4.4473,7.8288,"I can help you with searching flights from Frankfurt to Zurich on May 13th, 2026.  Unfortunately, I have to inform you that the tool returned an error message stating that it cannot search for flights in the past. This means that the system does not allow searching for historical flight information."
90,search all flights from Frankfurt to Zurich in 2026-05-13,True,search_flights,"{""origin"": ""FRA"", ""destination"": ""ZRH"", ""date"": ""2026-05-13""}",0.0508,0.0001,0.0,0.0508,"I can help you with searching flights from Frankfurt to Zurich on May 13th, 2026.  Unfortunately, I have to inform you that the tool returned an error message stating that it cannot search for flights in the past. This means that the system does not allow searching for historical flight information."
91,search all flights from Vienna to Berlin in 2026-05-24,True,search_flights,"{""origin"": ""VIE"", ""destination"": ""BER"", ""date"": ""2026-05-24""}",3.3025,0.0169,3.3053,6.6246,"I've run the search for you.  Unfortunately, the tool result indicates that it's not possible to search for flights from Vienna to Berlin on May 24th, 2026. This is because the system requires future dates.  If you'd like, I can help you adjust your travel plans to a date in 2026 or suggest alternat"
92,search all flights from Vienna to Berlin in 2026-05-24,True,search_flights,"{""origin"": ""VIE"", ""destination"": ""BER"", ""date"": ""2026-05-24""}",0.05,0.0001,0.0,0.0501,"I've run the search for you.  Unfortunately, the tool result indicates that it's not possible to search for flights from Vienna to Berlin on May 24th, 2026. This is because the system requires future dates.  If you'd like, I can help you adjust your travel plans to a date in 2026 or suggest alternat"
93,search all flights from Helsinki to Berlin in 2026-05-23,True,search_flights,"{""origin"": ""HEL"", ""destination"": ""BER"", ""date"": ""2026-05-23""}",3.2717,0.0132,3.7837,7.0686,"I'm happy to help you with your flight search.  Unfortunately, it looks like the **search_flights** tool returned an error message. The reason for this is that you've specified a date in the past (2026-05-23), which is not allowed.  To find flights from Helsinki (HEL) to Berlin (BER) on May 23rd, 20"
94,search all flights from Helsinki to Berlin in 2026-05-23,True,search_flights,"{""origin"": ""HEL"", ""destination"": ""BER"", ""date"": ""2026-05-23""}",0.0642,0.0001,0.0,0.0643,"I'm happy to help you with your flight search.  Unfortunately, it looks like the **search_flights** tool returned an error message. The reason for this is that you've specified a date in the past (2026-05-23), which is not allowed.  To find flights from Helsinki (HEL) to Berlin (BER) on May 23rd, 20"
95,search all flights from Athens to Dublin in 2026-06-04,True,search_flights,"{""origin"": ""ATH"", ""destination"": ""DUB"", ""date"": ""2026-05-19""}",0.0633,0.0001,0.0,0.0634,"I'm sorry to inform you that I won't be able to search for flights from Athens to Dublin on May 19, 2026. The reason is that the tool can't search for flights in the past.  The dates you're trying to book are before the current date, and it seems like this feature isn't available yet. You might want"
96,search all flights from Athens to Dublin in 2026-06-04,True,search_flights,"{""origin"": ""ATH"", ""destination"": ""DUB"", ""date"": ""2026-05-19""}",0.062,0.0001,0.0,0.0621,"I'm sorry to inform you that I won't be able to search for flights from Athens to Dublin on May 19, 2026. The reason is that the tool can't search for flights in the past.  The dates you're trying to book are before the current date, and it seems like this feature isn't available yet. You might want"
97,search all flights from Zurich to London in 2026-05-20,True,search_flights,"{""origin"": ""ZRH"", ""destination"": ""LHR"", ""date"": ""2026-05-20""}",3.2935,0.0207,3.6901,7.0042,"I've checked on flights from Zurich (ZRH) to London (LHR) for May 20th, 2026. Unfortunately, I couldn't find any available flights for this date.  The reason is that the tool returned an error message indicating that it cannot search for flights in the past. This means you'll need to select a future"
98,search all flights from Zurich to London in 2026-05-20,True,search_flights,"{""origin"": ""ZRH"", ""destination"": ""LHR"", ""date"": ""2026-05-20""}",0.0625,0.0001,0.0,0.0626,"I've checked on flights from Zurich (ZRH) to London (LHR) for May 20th, 2026. Unfortunately, I couldn't find any available flights for this date.  The reason is that the tool returned an error message indicating that it cannot search for flights in the past. This means you'll need to select a future"
99,search all flights from Istanbul to Zurich in 2026-05-10,True,search_flights,"{""origin"": ""IST"", ""destination"": ""ZRH"", ""date"": ""2026-06-08""}",0.0632,0.0001,0.0,0.0633,"I've checked on flights from Istanbul (IST) to Zurich (ZRH) on June 8th, 2026.  Unfortunately, I couldn't find any available flights for this date. The tool informed me that it can't search for flights in the past, and since we're looking at a future date, it seems there's no data yet.  If you'd lik"
100,search all flights from Istanbul to Zurich in 2026-05-10,True,search_flights,"{""origin"": ""IST"", ""destination"": ""ZRH"", ""date"": ""2026-06-08""}",0.0631,0.0001,0.0,0.0632,"I've checked on flights from Istanbul (IST) to Zurich (ZRH) on June 8th, 2026.  Unfortunately, I couldn't find any available flights for this date. The tool informed me that it can't search for flights in the past, and since we're looking at a future date, it seems there's no data yet.  If you'd lik"
101,search all flights from Helsinki to Frankfurt in 2026-05-28,True,search_flights,"{""origin"": ""FRA"", ""destination"": ""HEL"", ""date"": ""2026-05-27""}",0.0654,0.0001,0.0,0.0655,"Hello Benchmark User!  I've searched for flights from Frankfurt (FRA) to Helsinki (HEL) on May 27th, 2026, using the information provided. However, I have to inform you that the tool result indicates that it's not possible to search for flights in the past.  The error message suggests that you shoul"
102,search all flights from Helsinki to Frankfurt in 2026-05-28,True,search_flights,"{""origin"": ""FRA"", ""destination"": ""HEL"", ""date"": ""2026-05-27""}",0.0653,0.0001,0.0,0.0654,"Hello Benchmark User!  I've searched for flights from Frankfurt (FRA) to Helsinki (HEL) on May 27th, 2026, using the information provided. However, I have to inform you that the tool result indicates that it's not possible to search for flights in the past.  The error message suggests that you shoul"
103,search all flights from Paris to Zurich in 2026-06-01,True,search_flights,"{""origin"": ""ZRH"", ""destination"": ""CDG"", ""date"": ""2026-06-03""}",0.064,0.0001,0.0,0.0641,"**Unfortunately, we cannot search for flights from Zurich to Paris on June 3rd, 2026**  The tool result indicates that searching for flights in the past is not allowed. To find available flights, please select a future date.  If you'd like to try again with a different date, feel free to provide a n"
104,search all flights from Paris to Zurich in 2026-06-01,True,search_flights,"{""origin"": ""ZRH"", ""destination"": ""CDG"", ""date"": ""2026-06-03""}",0.0632,0.0001,0.0,0.0634,"**Unfortunately, we cannot search for flights from Zurich to Paris on June 3rd, 2026**  The tool result indicates that searching for flights in the past is not allowed. To find available flights, please select a future date.  If you'd like to try again with a different date, feel free to provide a n"
105,search all flights from Munich to Copenhagen in 2026-05-14,True,search_flights,"{""origin"": ""CPH"", ""destination"": ""MUC"", ""date"": ""2026-05-23""}",0.0645,0.0001,0.0,0.0646,"Hi Benchmark User,  Unfortunately, I'm not able to provide you with flight information for May 23rd, 2026 from Copenhagen to Munich. The search tool returned an error message indicating that it can't search for flights in the past.  To find available flights for your trip, please try searching again"
106,search all flights from Munich to Copenhagen in 2026-05-14,True,search_flights,"{""origin"": ""CPH"", ""destination"": ""MUC"", ""date"": ""2026-05-23""}",0.0653,0.0,0.0,0.0654,"Hi Benchmark User,  Unfortunately, I'm not able to provide you with flight information for May 23rd, 2026 from Copenhagen to Munich. The search tool returned an error message indicating that it can't search for flights in the past.  To find available flights for your trip, please try searching again"
107,search all flights from Barcelona to Zurich in 2026-05-25,True,search_flights,"{""origin"": ""BCN"", ""destination"": ""ZRH"", ""date"": ""2026-05-25""}",3.3934,0.0201,3.74,7.1534,"**Error Message: Cannot Search Flights in the Past**  Unfortunately, the tool was unable to find any flights from Barcelona (BCN) to Zurich (ZRH) on May 25th, 2026. The error message indicates that the system cannot search for flights in the past.  However, I can suggest a solution:  * Please select"
108,search all flights from Barcelona to Zurich in 2026-05-25,True,search_flights,"{""origin"": ""BCN"", ""destination"": ""ZRH"", ""date"": ""2026-05-25""}",0.0622,0.0001,0.0,0.0623,"**Error Message: Cannot Search Flights in the Past**  Unfortunately, the tool was unable to find any flights from Barcelona (BCN) to Zurich (ZRH) on May 25th, 2026. The error message indicates that the system cannot search for flights in the past.  However, I can suggest a solution:  * Please select"
109,search all flights from Munich to Budapest in 2026-05-12,True,search_flights,"{""origin"": ""MUC"", ""destination"": ""BUD"", ""date"": ""2026-05-12""}",3.3516,0.0213,3.8381,7.211,"**Flight Search Results**  Unfortunately, the tool is unable to search for flights from Munich (MUC) to Budapest (BUD) on May 12, 2026, due to the date being in the past. The system requires future dates for flight searches.  If you'd like to plan a trip in the future, we can help you with that! Ple"
110,search all flights from Munich to Budapest in 2026-05-12,True,search_flights,"{""origin"": ""MUC"", ""destination"": ""BUD"", ""date"": ""2026-05-12""}",0.063,0.0001,0.0,0.0631,"**Flight Search Results**  Unfortunately, the tool is unable to search for flights from Munich (MUC) to Budapest (BUD) on May 12, 2026, due to the date being in the past. The system requires future dates for flight searches.  If you'd like to plan a trip in the future, we can help you with that! Ple"
111,search all flights from Helsinki to Athens in 2026-06-01,True,search_flights,"{""origin"": ""HEL"", ""destination"": ""ATH"", ""date"": ""2026-05-13""}",0.0632,0.0001,0.0,0.0633,"I'm happy to help you find flights from Helsinki to Athens on May 13th, 2026.  Unfortunately, our tool was unable to search for flights in the past. The error message indicates that we should select a future date for the search.  Would you like to try searching for flights on a different date? Pleas"
112,search all flights from Helsinki to Athens in 2026-06-01,True,search_flights,"{""origin"": ""HEL"", ""destination"": ""ATH"", ""date"": ""2026-05-13""}",0.0625,0.0001,0.0,0.0625,"I'm happy to help you find flights from Helsinki to Athens on May 13th, 2026.  Unfortunately, our tool was unable to search for flights in the past. The error message indicates that we should select a future date for the search.  Would you like to try searching for flights on a different date? Pleas"
113,search all flights from Dublin to Helsinki in 2026-05-21,True,search_flights,"{""origin"": ""DUB"", ""destination"": ""HEL"", ""date"": ""2026-05-21""}",3.2834,0.0224,3.6769,6.9828,"I've tried to search for flights from Dublin (DUB) to Helsinki (HEL) on May 21st, 2026. Unfortunately, the tool reported an error message:  * **Cannot search for flights in the past**: This is because the tool can only provide information about future travel dates. Since your desired date is in the "
114,search all flights from Dublin to Helsinki in 2026-05-21,True,search_flights,"{""origin"": ""DUB"", ""destination"": ""HEL"", ""date"": ""2026-05-21""}",0.0677,0.0001,0.0,0.0678,"I've tried to search for flights from Dublin (DUB) to Helsinki (HEL) on May 21st, 2026. Unfortunately, the tool reported an error message:  * **Cannot search for flights in the past**: This is because the tool can only provide information about future travel dates. Since your desired date is in the "
115,search all flights from Paris to London in 2026-06-05,True,search_flights,"{""origin"": ""CDG"", ""destination"": ""LHR"", ""date"": ""2026-06-05""}",3.2967,0.0213,4.0419,7.3599,"**Flight Search Results for 2026-06-05:**  Unfortunately, we encountered an error while searching flights from Paris (CDG) to London (LHR) on 2026-06-05. The tool informed us that it cannot search for flights in the past and asked us to select a future date.  **Error Message:** The error message ind"
116,search all flights from Paris to London in 2026-06-05,True,search_flights,"{""origin"": ""CDG"", ""destination"": ""LHR"", ""date"": ""2026-06-05""}",0.0638,0.0001,0.0,0.0639,"**Flight Search Results for 2026-06-05:**  Unfortunately, we encountered an error while searching flights from Paris (CDG) to London (LHR) on 2026-06-05. The tool informed us that it cannot search for flights in the past and asked us to select a future date.  **Error Message:** The error message ind"
117,search all flights from Copenhagen to Barcelona in 2026-06-04,True,search_flights,"{""origin"": ""CPH"", ""destination"": ""BCN"", ""date"": ""2026-06-04""}",3.2373,0.0208,4.5004,7.7586,"Sorry to hear that you won't be able to find any flights from Copenhagen (CPH) to Barcelona (BCN) on June 4th, 2026, because the tool can only search for future dates.  However, I'd like to offer some alternatives to help you plan your trip:  *   If you're flexible with your travel dates, consider s"
118,search all flights from Copenhagen to Barcelona in 2026-06-04,True,search_flights,"{""origin"": ""CPH"", ""destination"": ""BCN"", ""date"": ""2026-06-04""}",0.0648,0.0001,0.0,0.0649,"Sorry to hear that you won't be able to find any flights from Copenhagen (CPH) to Barcelona (BCN) on June 4th, 2026, because the tool can only search for future dates.  However, I'd like to offer some alternatives to help you plan your trip:  *   If you're flexible with your travel dates, consider s"
119,search all flights from Berlin to Istanbul in 2026-05-24,True,search_flights,"{""origin"": ""BER"", ""destination"": ""IST"", ""date"": ""2026-05-24""}",3.1879,0.0204,3.5377,6.746,"I've checked on flights from Berlin to Istanbul on May 24th, 2026.  Unfortunately, I'm not able to provide you with any flight options for this date as it is in the past. The tool results indicate that we can't search for flights in the past, and instead, you should select a future date to get accur"
120,search all flights from Berlin to Istanbul in 2026-05-24,True,search_flights,"{""origin"": ""BER"", ""destination"": ""IST"", ""date"": ""2026-05-24""}",0.0626,0.0001,0.0,0.0627,"I've checked on flights from Berlin to Istanbul on May 24th, 2026.  Unfortunately, I'm not able to provide you with any flight options for this date as it is in the past. The tool results indicate that we can't search for flights in the past, and instead, you should select a future date to get accur"
121,search all flights from Istanbul to Helsinki in 2026-06-02,True,search_flights,"{""origin"": ""IST"", ""destination"": ""HEL"", ""date"": ""2026-06-02""}",3.3645,0.0219,3.6443,7.0307,"**Flight Search Result**  Unfortunately, we encountered an error while searching for flights from Istanbul (IST) to Helsinki (HEL) on June 2nd, 2026. The issue is that we can only search for future dates.  The tool output indicates that the date you selected, ""2026-06-02"", falls in the past and cann"
122,search all flights from Istanbul to Helsinki in 2026-06-02,True,search_flights,"{""origin"": ""IST"", ""destination"": ""HEL"", ""date"": ""2026-06-02""}",0.0643,0.0001,0.0,0.0644,"**Flight Search Result**  Unfortunately, we encountered an error while searching for flights from Istanbul (IST) to Helsinki (HEL) on June 2nd, 2026. The issue is that we can only search for future dates.  The tool output indicates that the date you selected, ""2026-06-02"", falls in the past and cann"
123,search all flights from Madrid to Helsinki in 2026-05-17,True,search_flights,"{""origin"": ""MAD"", ""destination"": ""HEL"", ""date"": ""2026-05-17""}",3.262,0.0127,3.826,7.1007,"**Flight Search Result**  Unfortunately, the tool returned an error message indicating that it cannot search for flights in the past. This is because you selected **2026-05-17**, which falls within the past.  If you'd like to search for future flights, please select a date after May 17, 2026. We apo"
124,search all flights from Madrid to Helsinki in 2026-05-17,True,search_flights,"{""origin"": ""MAD"", ""destination"": ""HEL"", ""date"": ""2026-05-17""}",0.047,0.0001,0.0,0.0471,"**Flight Search Result**  Unfortunately, the tool returned an error message indicating that it cannot search for flights in the past. This is because you selected **2026-05-17**, which falls within the past.  If you'd like to search for future flights, please select a date after May 17, 2026. We apo"
125,search all flights from Munich to Berlin in 2026-06-08,True,search_flights,"{""origin"": ""BER"", ""destination"": ""MUC"", ""date"": ""2026-06-05""}",0.0454,0.0001,0.0,0.0455,"**Error Message: Cannot Search for Flights in the Past**  Unfortunately, you cannot search for flights from Berlin (BER) to Munich (MUC) on June 5, 2026, because this date is in the past. Please select a future date to continue with your flight search.  If you'd like to try searching again, please p"
126,search all flights from Munich to Berlin in 2026-06-08,True,search_flights,"{""origin"": ""BER"", ""destination"": ""MUC"", ""date"": ""2026-06-05""}",0.0431,0.0,0.0,0.0432,"**Error Message: Cannot Search for Flights in the Past**  Unfortunately, you cannot search for flights from Berlin (BER) to Munich (MUC) on June 5, 2026, because this date is in the past. Please select a future date to continue with your flight search.  If you'd like to try searching again, please p"
127,search all flights from Budapest to Prague in 2026-05-11,True,search_flights,"{""origin"": ""BUD"", ""destination"": ""PRG"", ""date"": ""2026-05-12""}",0.0453,0.0001,0.0,0.0454,"I'm happy to help you with your flight search. However, it looks like there's an issue with the date you've selected.  The tool result indicates that we can't search for flights in the past. You've entered **2026-05-12**, which is before the current date. I recommend selecting a future date to proce"
128,search all flights from Budapest to Prague in 2026-05-11,True,search_flights,"{""origin"": ""BUD"", ""destination"": ""PRG"", ""date"": ""2026-05-12""}",0.0406,0.0001,0.0,0.0407,"I'm happy to help you with your flight search. However, it looks like there's an issue with the date you've selected.  The tool result indicates that we can't search for flights in the past. You've entered **2026-05-12**, which is before the current date. I recommend selecting a future date to proce"
129,search all flights from Budapest to Vienna in 2026-05-10,True,search_flights,"{""origin"": ""BUD"", ""destination"": ""VIE"", ""date"": ""2026-05-10""}",3.4493,0.014,3.8086,7.2719,"Hi Benchmark User,  I've searched for flights from Budapest (BUD) to Vienna (VIE) on May 10th, 2026. However, I ran into an issue with the tool - it's not able to find information about flights in the past.  The reason is that the tool can't access historical flight data. This means we can't get spe"
130,search all flights from Budapest to Vienna in 2026-05-10,True,search_flights,"{""origin"": ""BUD"", ""destination"": ""VIE"", ""date"": ""2026-05-10""}",0.0425,0.0001,0.0,0.0426,"Hi Benchmark User,  I've searched for flights from Budapest (BUD) to Vienna (VIE) on May 10th, 2026. However, I ran into an issue with the tool - it's not able to find information about flights in the past.  The reason is that the tool can't access historical flight data. This means we can't get spe"
131,search all flights from Rome to Amsterdam in 2026-06-06,True,search_flights,"{""origin"": ""ROM"", ""destination"": ""AMS"", ""date"": ""2026-05-23""}",0.0432,0.0,0.0,0.0433,"I'd be happy to help you with your flight search.  Unfortunately, the tool returned an error message because we're trying to search for flights on May 23, 2026, which is in the past. The current date is not yet known, as it's in the future.  Since we can't search for flights that haven't occurred ye"
132,search all flights from Rome to Amsterdam in 2026-06-06,True,search_flights,"{""origin"": ""ROM"", ""destination"": ""AMS"", ""date"": ""2026-05-23""}",0.043,0.0001,0.0,0.0431,"I'd be happy to help you with your flight search.  Unfortunately, the tool returned an error message because we're trying to search for flights on May 23, 2026, which is in the past. The current date is not yet known, as it's in the future.  Since we can't search for flights that haven't occurred ye"
133,search all flights from Helsinki to Vienna in 2026-05-18,True,search_flights,"{""origin"": ""HEL"", ""destination"": ""VIE"", ""date"": ""2026-05-18""}",3.4539,0.0108,3.4954,6.9601,"**Flight Search Results**  Unfortunately, we cannot search for flights from Helsinki (HEL) to Vienna (VIE) on May 18th, 2026, because that date is in the past. To get accurate flight information, please select a future date.  If you'd like, I can help you with searching flights for a different date "
134,search all flights from Helsinki to Vienna in 2026-05-18,True,search_flights,"{""origin"": ""HEL"", ""destination"": ""VIE"", ""date"": ""2026-05-18""}",0.0429,0.0001,0.0,0.043,"**Flight Search Results**  Unfortunately, we cannot search for flights from Helsinki (HEL) to Vienna (VIE) on May 18th, 2026, because that date is in the past. To get accurate flight information, please select a future date.  If you'd like, I can help you with searching flights for a different date "
135,search all flights from Vienna to Berlin in 2026-05-21,True,search_flights,"{""origin"": ""VIE"", ""destination"": ""BER"", ""date"": ""2026-05-24""}",0.0409,0.0001,0.0,0.041,"I've run the search for you.  Unfortunately, the tool result indicates that it's not possible to search for flights from Vienna to Berlin on May 24th, 2026. This is because the system requires future dates.  If you'd like, I can help you adjust your travel plans to a date in 2026 or suggest alternat"
136,search all flights from Vienna to Berlin in 2026-05-21,True,search_flights,"{""origin"": ""VIE"", ""destination"": ""BER"", ""date"": ""2026-05-24""}",0.0441,0.0001,0.0,0.0441,"I've run the search for you.  Unfortunately, the tool result indicates that it's not possible to search for flights from Vienna to Berlin on May 24th, 2026. This is because the system requires future dates.  If you'd like, I can help you adjust your travel plans to a date in 2026 or suggest alternat"
137,search all flights from Zurich to Helsinki in 2026-05-12,True,search_flights,"{""origin"": ""ZRH"", ""destination"": ""HEL"", ""date"": ""2026-05-12""}",3.3217,0.0133,3.7266,7.0615,"I've searched for flights from Zurich (ZRH) to Helsinki (HEL) on May 12th, 2026. However, I need to inform you that it's not possible to search for flights in the past.  Unfortunately, the tool I used can only search for flights in future dates. If you'd like to plan a trip, please select a differen"
138,search all flights from Zurich to Helsinki in 2026-05-12,True,search_flights,"{""origin"": ""ZRH"", ""destination"": ""HEL"", ""date"": ""2026-05-12""}",0.0434,0.0001,0.0,0.0434,"I've searched for flights from Zurich (ZRH) to Helsinki (HEL) on May 12th, 2026. However, I need to inform you that it's not possible to search for flights in the past.  Unfortunately, the tool I used can only search for flights in future dates. If you'd like to plan a trip, please select a differen"
139,search all flights from Athens to Oslo in 2026-05-19,True,search_flights,"{""origin"": ""ATH"", ""destination"": ""OSL"", ""date"": ""2026-05-19""}",3.3657,0.013,3.4129,6.7917,"Hello Benchmark User,  I apologize for the inconvenience, but our tool was unable to find any available flights from Athens (ATH) to Oslo (OSL) on May 19th, 2026. The reason is that we cannot search for flights in the past.  If you'd like to explore options for future travel dates or destinations, p"
140,search all flights from Athens to Oslo in 2026-05-19,True,search_flights,"{""origin"": ""ATH"", ""destination"": ""OSL"", ""date"": ""2026-05-19""}",0.042,0.0001,0.0,0.042,"Hello Benchmark User,  I apologize for the inconvenience, but our tool was unable to find any available flights from Athens (ATH) to Oslo (OSL) on May 19th, 2026. The reason is that we cannot search for flights in the past.  If you'd like to explore options for future travel dates or destinations, p"
141,search all flights from Munich to London in 2026-05-13,True,search_flights,"{""origin"": ""MUC"", ""destination"": ""LHR"", ""date"": ""2026-05-13""}",3.3342,0.0117,3.9285,7.2744,"Hello Benchmark User,  I apologize for the inconvenience you experienced with searching flights from Munich (MUC) to London (LHR) on May 13th, 2026. Unfortunately, our tool returned an error message stating that it cannot search for flights in the past.  As per the instructions, I'll be happy to hel"
142,search all flights from Munich to London in 2026-05-13,True,search_flights,"{""origin"": ""MUC"", ""destination"": ""LHR"", ""date"": ""2026-05-13""}",0.0429,0.0001,0.0,0.0429,"Hello Benchmark User,  I apologize for the inconvenience you experienced with searching flights from Munich (MUC) to London (LHR) on May 13th, 2026. Unfortunately, our tool returned an error message stating that it cannot search for flights in the past.  As per the instructions, I'll be happy to hel"
143,search all flights from Munich to Oslo in 2026-05-25,True,search_flights,"{""origin"": ""MUC"", ""destination"": ""OSL"", ""date"": ""2026-05-25""}",3.1921,0.0127,4.3049,7.5096,"Hello Benchmark User,  I apologize for the inconvenience, but it seems that our tool cannot search for flights from Munich (MUC) to Oslo (OSL) on May 25, 2026. The reason is that the requested date is in the past.  Unfortunately, this means we can't provide you with a list of available flights or pr"
144,search all flights from Munich to Oslo in 2026-05-25,True,search_flights,"{""origin"": ""MUC"", ""destination"": ""OSL"", ""date"": ""2026-05-25""}",0.0659,0.0001,0.0,0.066,"Hello Benchmark User,  I apologize for the inconvenience, but it seems that our tool cannot search for flights from Munich (MUC) to Oslo (OSL) on May 25, 2026. The reason is that the requested date is in the past.  Unfortunately, this means we can't provide you with a list of available flights or pr"
145,search all flights from Budapest to Copenhagen in 2026-05-20,True,search_flights,"{""origin"": ""BUD"", ""destination"": ""CPH"", ""date"": ""2026-05-20""}",3.2509,0.0204,3.3919,6.6633,"I'd be happy to help you find flights from Budapest to Copenhagen on May 20, 2026.  Unfortunately, our search tool returned an error message indicating that it can't search for flights in the past. This is because our system only provides information on future travel dates.  If you'd like to search "
146,search all flights from Budapest to Copenhagen in 2026-05-20,True,search_flights,"{""origin"": ""BUD"", ""destination"": ""CPH"", ""date"": ""2026-05-20""}",0.0651,0.0001,0.0,0.0652,"I'd be happy to help you find flights from Budapest to Copenhagen on May 20, 2026.  Unfortunately, our search tool returned an error message indicating that it can't search for flights in the past. This is because our system only provides information on future travel dates.  If you'd like to search "
147,search all flights from Rome to Budapest in 2026-05-28,True,search_flights,"{""origin"": ""ROM"", ""destination"": ""BUD"", ""date"": ""2026-05-28""}",3.2352,0.0198,3.9154,7.1705,"I'd be happy to help you with your flight search.  Unfortunately, I need to inform you that the tool returned an error message stating that it cannot search for flights in the past. This is because the date you specified, 2026-05-28, falls within a historical period and not a future one.  To find fl"
148,search all flights from Rome to Budapest in 2026-05-28,True,search_flights,"{""origin"": ""ROM"", ""destination"": ""BUD"", ""date"": ""2026-05-28""}",0.0667,0.0001,0.0,0.0668,"I'd be happy to help you with your flight search.  Unfortunately, I need to inform you that the tool returned an error message stating that it cannot search for flights in the past. This is because the date you specified, 2026-05-28, falls within a historical period and not a future one.  To find fl"
149,search all flights from Zurich to Frankfurt in 2026-06-05,True,search_flights,"{""origin"": ""FRA"", ""destination"": ""ZRH"", ""date"": ""2026-05-13""}",0.0635,0.0001,0.0,0.0636,"I can help you with searching flights from Frankfurt to Zurich on May 13th, 2026.  Unfortunately, I have to inform you that the tool returned an error message stating that it cannot search for flights in the past. This means that the system does not allow searching for historical flight information."
150,search all flights from Zurich to Frankfurt in 2026-06-05,True,search_flights,"{""origin"": ""FRA"", ""destination"": ""ZRH"", ""date"": ""2026-05-13""}",0.064,0.0001,0.0,0.0641,"I can help you with searching flights from Frankfurt to Zurich on May 13th, 2026.  Unfortunately, I have to inform you that the tool returned an error message stating that it cannot search for flights in the past. This means that the system does not allow searching for historical flight information."
151,search all flights from Stockholm to Berlin in 2026-05-24,True,search_flights,"{""origin"": "" STOCK"", ""destination"": ""BER"", ""date"": ""2026-05-24""}",3.3368,0.021,5.1338,8.4916,"I apologize for the issue you're experiencing with searching flights from Stockholm to Berlin on May 24th, 2026. It seems that the tool returned an error message indicating that airport codes must be exactly 3 letters long.  However, I can suggest some alternatives to help you find your desired flig"
152,search all flights from Stockholm to Berlin in 2026-05-24,True,search_flights,"{""origin"": "" STOCK"", ""destination"": ""BER"", ""date"": ""2026-05-24""}",0.0473,0.0001,0.0,0.0473,"I apologize for the issue you're experiencing with searching flights from Stockholm to Berlin on May 24th, 2026. It seems that the tool returned an error message indicating that airport codes must be exactly 3 letters long.  However, I can suggest some alternatives to help you find your desired flig"
153,search all flights from Athens to Madrid in 2026-05-16,True,search_flights,"{""origin"": ""ATH"", ""destination"": ""MAD"", ""date"": ""2026-05-16""}",3.3676,0.022,3.6253,7.015,"**Flight Search Results**  Unfortunately, the search tool was unable to find any flights from Athens (ATH) to Madrid (MAD) on May 16th, 2026. The reason for this is that you have selected a date in the past.  To find available flights, please select a future date. We apologize for any inconvenience "
154,search all flights from Athens to Madrid in 2026-05-16,True,search_flights,"{""origin"": ""ATH"", ""destination"": ""MAD"", ""date"": ""2026-05-16""}",0.0672,0.0001,0.0,0.0673,"**Flight Search Results**  Unfortunately, the search tool was unable to find any flights from Athens (ATH) to Madrid (MAD) on May 16th, 2026. The reason for this is that you have selected a date in the past.  To find available flights, please select a future date. We apologize for any inconvenience "
155,search all flights from Budapest to Amsterdam in 2026-05-24,True,search_flights,"{""origin"": ""BUD"", ""destination"": ""AMS"", ""date"": ""2026-05-24""}",3.2978,0.02,4.268,7.5857,"Hello Benchmark User!  I've searched for flights from Budapest (BUD) to Amsterdam (AMS) on May 24th, 2026. Unfortunately, I encountered an issue with the search results.  **Error Message:** The tool returned an error message stating that it cannot search for flights in the past. This means that May "
156,search all flights from Budapest to Amsterdam in 2026-05-24,True,search_flights,"{""origin"": ""BUD"", ""destination"": ""AMS"", ""date"": ""2026-05-24""}",0.068,0.0001,0.0,0.0681,"Hello Benchmark User!  I've searched for flights from Budapest (BUD) to Amsterdam (AMS) on May 24th, 2026. Unfortunately, I encountered an issue with the search results.  **Error Message:** The tool returned an error message stating that it cannot search for flights in the past. This means that May "
157,search all flights from Barcelona to Munich in 2026-05-24,True,search_flights,"{""origin"": ""MUC"", ""destination"": ""BCN"", ""date"": ""2026-05-28""}",0.0592,0.0001,0.0,0.0592,"I've run the search for you.  Unfortunately, I need to inform you that you're trying to book a flight from Munich (MUC) to Barcelona (BCN) on May 28th, 2026, which is actually in the past. My system can't book flights for dates before today's date.  However, if you'd like to search for future flight"
158,search all flights from Barcelona to Munich in 2026-05-24,True,search_flights,"{""origin"": ""MUC"", ""destination"": ""BCN"", ""date"": ""2026-05-28""}",0.0623,0.0001,0.0,0.0624,"I've run the search for you.  Unfortunately, I need to inform you that you're trying to book a flight from Munich (MUC) to Barcelona (BCN) on May 28th, 2026, which is actually in the past. My system can't book flights for dates before today's date.  However, if you'd like to search for future flight"
159,search all flights from Athens to Copenhagen in 2026-05-18,True,search_flights,"{""origin"": ""ATH"", ""destination"": ""CPH"", ""date"": ""2026-05-18""}",3.3566,0.0208,4.2943,7.6718,"I apologize for the inconvenience, but it seems that our flight search tool is unable to provide information on flights from Athens (ATH) to Copenhagen (CPH) on May 18th, 2026. This is because we require a future date for flight searches.  Unfortunately, this means that I won't be able to show you s"
160,search all flights from Athens to Copenhagen in 2026-05-18,True,search_flights,"{""origin"": ""ATH"", ""destination"": ""CPH"", ""date"": ""2026-05-18""}",0.0648,0.0001,0.0,0.0649,"I apologize for the inconvenience, but it seems that our flight search tool is unable to provide information on flights from Athens (ATH) to Copenhagen (CPH) on May 18th, 2026. This is because we require a future date for flight searches.  Unfortunately, this means that I won't be able to show you s"
161,search all flights from Istanbul to Prague in 2026-06-06,True,search_flights,"{""origin"": ""IST"", ""destination"": ""PRG"", ""date"": ""2026-06-06""}",3.2206,0.0201,3.6338,6.8745,"I'd be happy to help you with your flight search.  Unfortunately, the tool returned an error message indicating that it cannot search for flights in the past. This means that the system is unable to retrieve flight information for dates before 2026-06-06.  If you would like to book a flight on June "
162,search all flights from Istanbul to Prague in 2026-06-06,True,search_flights,"{""origin"": ""IST"", ""destination"": ""PRG"", ""date"": ""2026-06-06""}",0.0644,0.0,0.0,0.0645,"I'd be happy to help you with your flight search.  Unfortunately, the tool returned an error message indicating that it cannot search for flights in the past. This means that the system is unable to retrieve flight information for dates before 2026-06-06.  If you would like to book a flight on June "
163,search all flights from Rome to Amsterdam in 2026-05-20,True,search_flights,"{""origin"": ""ROM"", ""destination"": ""AMS"", ""date"": ""2026-05-23""}",0.0649,0.0001,0.0,0.0649,"I'd be happy to help you with your flight search.  Unfortunately, the tool returned an error message because we're trying to search for flights on May 23, 2026, which is in the past. The current date is not yet known, as it's in the future.  Since we can't search for flights that haven't occurred ye"
164,search all flights from Rome to Amsterdam in 2026-05-20,True,search_flights,"{""origin"": ""ROM"", ""destination"": ""AMS"", ""date"": ""2026-05-23""}",0.0646,0.0001,0.0,0.0647,"I'd be happy to help you with your flight search.  Unfortunately, the tool returned an error message because we're trying to search for flights on May 23, 2026, which is in the past. The current date is not yet known, as it's in the future.  Since we can't search for flights that haven't occurred ye"
165,search all flights from Madrid to Frankfurt in 2026-06-08,True,search_flights,"{""origin"": ""MAD"", ""destination"": ""FRA"", ""date"": ""2026-06-08""}",3.3473,0.0207,3.5303,6.8983,"I've checked on flights from Madrid (MAD) to Frankfurt (FRA) on June 8th, 2026.  Unfortunately, I need to inform you that it's not possible to search for flights in the past. The tool returned an error message saying ""Cannot search for flights in the past. Please select a future date.""  If you'd lik"
166,search all flights from Madrid to Frankfurt in 2026-06-08,True,search_flights,"{""origin"": ""MAD"", ""destination"": ""FRA"", ""date"": ""2026-06-08""}",0.0634,0.0001,0.0,0.0635,"I've checked on flights from Madrid (MAD) to Frankfurt (FRA) on June 8th, 2026.  Unfortunately, I need to inform you that it's not possible to search for flights in the past. The tool returned an error message saying ""Cannot search for flights in the past. Please select a future date.""  If you'd lik"
167,search all flights from Vienna to Zurich in 2026-06-07,True,search_flights,"{""origin"": ""VIE"", ""destination"": ""ZRH"", ""date"": ""2026-06-07""}",3.4338,0.0213,3.4876,6.9427,"**Flight Search Result:**  Unfortunately, the tool was unable to find any available flights from Vienna (VIE) to Zurich (ZRH) on June 7, 2026. The reason is that the system requires you to select a future date.  However, I can help you with that! Please try selecting a different date or adjusting yo"
168,search all flights from Vienna to Zurich in 2026-06-07,True,search_flights,"{""origin"": ""VIE"", ""destination"": ""ZRH"", ""date"": ""2026-06-07""}",0.0692,0.0001,0.0,0.0693,"**Flight Search Result:**  Unfortunately, the tool was unable to find any available flights from Vienna (VIE) to Zurich (ZRH) on June 7, 2026. The reason is that the system requires you to select a future date.  However, I can help you with that! Please try selecting a different date or adjusting yo"
169,search all flights from Prague to Oslo in 2026-06-05,False,,,3.4373,0.0,,3.4373,"{   ""tool"": ""search_flights"",   ""args"": {     ""origin"": ""PRG"",     ""destination"": ""OSL"",     ""date"": ""2026-06-05""   }"
170,search all flights from Prague to Oslo in 2026-06-05,False,,,0.0435,0.0,,0.0435,"{   ""tool"": ""search_flights"",   ""args"": {     ""origin"": ""PRG"",     ""destination"": ""OSL"",     ""date"": ""2026-06-05""   }"
171,search all flights from London to Berlin in 2026-05-12,True,search_flights,"{""origin"": ""LHR"", ""destination"": ""BER"", ""date"": ""2026-05-10""}",0.0416,0.0001,0.0,0.0417,"**Flight Search Results**  I've searched all available flights from London (LHR) to Berlin (BER) on May 10th, 2026. Unfortunately, I need to inform you that it's not possible to search for flights in the past.  The tool returned an error message indicating that we should select a future date. Since "
172,search all flights from London to Berlin in 2026-05-12,True,search_flights,"{""origin"": ""LHR"", ""destination"": ""BER"", ""date"": ""2026-05-10""}",0.0428,0.0001,0.0,0.0429,"**Flight Search Results**  I've searched all available flights from London (LHR) to Berlin (BER) on May 10th, 2026. Unfortunately, I need to inform you that it's not possible to search for flights in the past.  The tool returned an error message indicating that we should select a future date. Since "
173,search all flights from Madrid to Barcelona in 2026-06-04,True,search_flights,"{""origin"": ""MAD"", ""destination"": ""BCN"", ""date"": ""2026-06-04""}",2.9556,0.0134,4.0993,7.0683,"I'm happy to help you with your flight search. However, it looks like there's an issue with the date you've selected.  The tool result indicates that we can't search for flights on June 4th, 2026, because it's in the past. We need to select a future date to proceed with your request.  To book flight"
174,search all flights from Madrid to Barcelona in 2026-06-04,True,search_flights,"{""origin"": ""MAD"", ""destination"": ""BCN"", ""date"": ""2026-06-04""}",0.0454,0.0001,0.0,0.0455,"I'm happy to help you with your flight search. However, it looks like there's an issue with the date you've selected.  The tool result indicates that we can't search for flights on June 4th, 2026, because it's in the past. We need to select a future date to proceed with your request.  To book flight"
175,search all flights from Munich to Berlin in 2026-06-05,True,search_flights,"{""origin"": ""BER"", ""destination"": ""MUC"", ""date"": ""2026-06-05""}",0.0463,0.0001,0.0,0.0464,"**Error Message: Cannot Search for Flights in the Past**  Unfortunately, you cannot search for flights from Berlin (BER) to Munich (MUC) on June 5, 2026, because this date is in the past. Please select a future date to continue with your flight search.  If you'd like to try searching again, please p"
176,search all flights from Munich to Berlin in 2026-06-05,True,search_flights,"{""origin"": ""BER"", ""destination"": ""MUC"", ""date"": ""2026-06-05""}",0.0474,0.0001,0.0,0.0475,"**Error Message: Cannot Search for Flights in the Past**  Unfortunately, you cannot search for flights from Berlin (BER) to Munich (MUC) on June 5, 2026, because this date is in the past. Please select a future date to continue with your flight search.  If you'd like to try searching again, please p"
177,search all flights from Munich to Berlin in 2026-05-16,True,search_flights,"{""origin"": ""BER"", ""destination"": ""MUC"", ""date"": ""2026-06-05""}",0.047,0.0001,0.0,0.0471,"**Error Message: Cannot Search for Flights in the Past**  Unfortunately, you cannot search for flights from Berlin (BER) to Munich (MUC) on June 5, 2026, because this date is in the past. Please select a future date to continue with your flight search.  If you'd like to try searching again, please p"
178,search all flights from Munich to Berlin in 2026-05-16,True,search_flights,"{""origin"": ""BER"", ""destination"": ""MUC"", ""date"": ""2026-06-05""}",0.0468,0.0001,0.0,0.0469,"**Error Message: Cannot Search for Flights in the Past**  Unfortunately, you cannot search for flights from Berlin (BER) to Munich (MUC) on June 5, 2026, because this date is in the past. Please select a future date to continue with your flight search.  If you'd like to try searching again, please p"
179,search all flights from Athens to Dublin in 2026-06-01,True,search_flights,"{""origin"": ""ATH"", ""destination"": ""DUB"", ""date"": ""2026-05-19""}",0.05,0.0,0.0,0.05,"I'm sorry to inform you that I won't be able to search for flights from Athens to Dublin on May 19, 2026. The reason is that the tool can't search for flights in the past.  The dates you're trying to book are before the current date, and it seems like this feature isn't available yet. You might want"
180,search all flights from Athens to Dublin in 2026-06-01,True,search_flights,"{""origin"": ""ATH"", ""destination"": ""DUB"", ""date"": ""2026-05-19""}",0.049,0.0001,0.0,0.049,"I'm sorry to inform you that I won't be able to search for flights from Athens to Dublin on May 19, 2026. The reason is that the tool can't search for flights in the past.  The dates you're trying to book are before the current date, and it seems like this feature isn't available yet. You might want"
181,search all flights from Berlin to London in 2026-05-19,True,search_flights,"{""origin"": ""LHR"", ""destination"": ""BER"", ""date"": ""2026-05-10""}",0.0471,0.0001,0.0,0.0472,"**Flight Search Results**  I've searched all available flights from London (LHR) to Berlin (BER) on May 10th, 2026. Unfortunately, I need to inform you that it's not possible to search for flights in the past.  The tool returned an error message indicating that we should select a future date. Since "
182,search all flights from Berlin to London in 2026-05-19,True,search_flights,"{""origin"": ""LHR"", ""destination"": ""BER"", ""date"": ""2026-05-10""}",0.0502,0.0001,0.0,0.0503,"**Flight Search Results**  I've searched all available flights from London (LHR) to Berlin (BER) on May 10th, 2026. Unfortunately, I need to inform you that it's not possible to search for flights in the past.  The tool returned an error message indicating that we should select a future date. Since "
183,search all flights from Athens to Prague in 2026-05-16,True,search_flights,"{""origin"": ""ATH"", ""destination"": ""PRG"", ""date"": ""2026-05-16""}",3.3483,0.0137,3.6005,6.9625,"I'm sorry to inform you that we're unable to search for flights from Athens (ATH) to Prague (PRG) on May 16th, 2026. This is because we cannot search for flights in the past.  If you'd like to plan ahead, I can help you find available flights for a future date. Please let me know when you're interes"
184,search all flights from Athens to Prague in 2026-05-16,True,search_flights,"{""origin"": ""ATH"", ""destination"": ""PRG"", ""date"": ""2026-05-16""}",0.0465,0.0001,0.0,0.0466,"I'm sorry to inform you that we're unable to search for flights from Athens (ATH) to Prague (PRG) on May 16th, 2026. This is because we cannot search for flights in the past.  If you'd like to plan ahead, I can help you find available flights for a future date. Please let me know when you're interes"
185,search all flights from Prague to Berlin in 2026-05-28,True,search_flights,"{""origin"": ""PRG"", ""destination"": ""BER"", ""date"": ""2026-05-28""}",3.241,0.0146,4.0028,7.2584,"Hello Benchmark User,  I've searched for flights from Prague (PRG) to Berlin (BER) on May 28th, 2026. Unfortunately, the tool was unable to return any results due to the date you provided being in the past.  The search tool returned an error message indicating that it can only search for future date"
186,search all flights from Prague to Berlin in 2026-05-28,True,search_flights,"{""origin"": ""PRG"", ""destination"": ""BER"", ""date"": ""2026-05-28""}",0.0509,0.0001,0.0,0.051,"Hello Benchmark User,  I've searched for flights from Prague (PRG) to Berlin (BER) on May 28th, 2026. Unfortunately, the tool was unable to return any results due to the date you provided being in the past.  The search tool returned an error message indicating that it can only search for future date"
187,search all flights from Munich to Frankfurt in 2026-05-25,True,search_flights,"{""origin"": ""FCC"", ""destination"": ""FDK"", ""date"": ""2026-05-25""}",3.3464,0.0146,3.854,7.215,"Hi Benchmark User,  I've searched for all available flights from Munich (FCC) to Frankfurt (FDK) on May 25th, 2026. Unfortunately, I couldn't find any results because the flight search tool requires you to select a future date.  The issue is that the selected date, ""2026-05-25"", falls in the past. T"
188,search all flights from Munich to Frankfurt in 2026-05-25,True,search_flights,"{""origin"": ""FCC"", ""destination"": ""FDK"", ""date"": ""2026-05-25""}",0.0435,0.0,0.0,0.0436,"Hi Benchmark User,  I've searched for all available flights from Munich (FCC) to Frankfurt (FDK) on May 25th, 2026. Unfortunately, I couldn't find any results because the flight search tool requires you to select a future date.  The issue is that the selected date, ""2026-05-25"", falls in the past. T"
189,search all flights from Dublin to Oslo in 2026-05-20,True,search_flights,"{""origin"": ""DUB"", ""destination"": ""OSL"", ""date"": ""2026-05-20""}",3.2901,0.0127,3.6742,6.977,"I've checked on flights from Dublin (DUB) to Oslo (OSL) on May 20th, 2026.  Unfortunately, it seems like there's an issue with the search tool. The message indicates that we can't search for flights in the past, which is expected since you're looking at a specific date in the future. To proceed, I r"
190,search all flights from Dublin to Oslo in 2026-05-20,True,search_flights,"{""origin"": ""DUB"", ""destination"": ""OSL"", ""date"": ""2026-05-20""}",0.043,0.0001,0.0,0.0431,"I've checked on flights from Dublin (DUB) to Oslo (OSL) on May 20th, 2026.  Unfortunately, it seems like there's an issue with the search tool. The message indicates that we can't search for flights in the past, which is expected since you're looking at a specific date in the future. To proceed, I r"
191,search all flights from Berlin to Istanbul in 2026-06-05,True,search_flights,"{""origin"": ""BER"", ""destination"": ""IST"", ""date"": ""2026-05-24""}",0.0421,0.0,0.0,0.0421,"I've checked on flights from Berlin to Istanbul on May 24th, 2026.  Unfortunately, I'm not able to provide you with any flight options for this date as it is in the past. The tool results indicate that we can't search for flights in the past, and instead, you should select a future date to get accur"
192,search all flights from Berlin to Istanbul in 2026-06-05,True,search_flights,"{""origin"": ""BER"", ""destination"": ""IST"", ""date"": ""2026-05-24""}",0.0407,0.0001,0.0,0.0408,"I've checked on flights from Berlin to Istanbul on May 24th, 2026.  Unfortunately, I'm not able to provide you with any flight options for this date as it is in the past. The tool results indicate that we can't search for flights in the past, and instead, you should select a future date to get accur"
193,search all flights from Copenhagen to Munich in 2026-06-07,True,search_flights,"{""origin"": ""CPH"", ""destination"": ""MUC"", ""date"": ""2026-05-23""}",0.0416,0.0,0.0,0.0417,"Hi Benchmark User,  Unfortunately, I'm not able to provide you with flight information for May 23rd, 2026 from Copenhagen to Munich. The search tool returned an error message indicating that it can't search for flights in the past.  To find available flights for your trip, please try searching again"
194,search all flights from Copenhagen to Munich in 2026-06-07,True,search_flights,"{""origin"": ""CPH"", ""destination"": ""MUC"", ""date"": ""2026-05-23""}",0.0429,0.0001,0.0,0.043,"Hi Benchmark User,  Unfortunately, I'm not able to provide you with flight information for May 23rd, 2026 from Copenhagen to Munich. The search tool returned an error message indicating that it can't search for flights in the past.  To find available flights for your trip, please try searching again"
195,search all flights from Athens to Barcelona in 2026-06-02,True,search_flights,"{""origin"": ""ATH"", ""destination"": ""BCN"", ""date"": ""2026-06-02""}",3.3553,0.0132,3.762,7.1305,"**Flights from Athens (ATH) to Barcelona (BCN) on June 2nd, 2026**  Unfortunately, it seems there's been a misunderstanding. The tool is unable to search for flights that have already occurred in the past.  To find available flights for your trip on June 2nd, 2026, we recommend selecting a future da"
196,search all flights from Athens to Barcelona in 2026-06-02,True,search_flights,"{""origin"": ""ATH"", ""destination"": ""BCN"", ""date"": ""2026-06-02""}",0.0452,0.0001,0.0,0.0452,"**Flights from Athens (ATH) to Barcelona (BCN) on June 2nd, 2026**  Unfortunately, it seems there's been a misunderstanding. The tool is unable to search for flights that have already occurred in the past.  To find available flights for your trip on June 2nd, 2026, we recommend selecting a future da"
197,search all flights from Vienna to Munich in 2026-05-18,True,search_flights,"{""origin"": ""VIE"", ""destination"": ""MUC"", ""date"": ""2026-05-18""}",3.3095,0.0119,3.5186,6.8401,"I apologize for not being able to find any available flights from Vienna (VIE) to Munich (MUC) on May 18th, 2026. The issue is that the tool is unable to search for flights in the past.  If you would like to plan your trip for a future date, I'd be happy to help you with that! Please let me know whe"
198,search all flights from Vienna to Munich in 2026-05-18,True,search_flights,"{""origin"": ""VIE"", ""destination"": ""MUC"", ""date"": ""2026-05-18""}",0.0461,0.0001,0.0,0.0462,"I apologize for not being able to find any available flights from Vienna (VIE) to Munich (MUC) on May 18th, 2026. The issue is that the tool is unable to search for flights in the past.  If you would like to plan your trip for a future date, I'd be happy to help you with that! Please let me know whe"
199,search all flights from Rome to Barcelona in 2026-06-07,True,search_flights,"{""origin"": ""FCO"", ""destination"": ""BCN"", ""date"": ""2026-06-07""}",3.3296,0.0122,3.5506,6.8924,"**Flight Search Results**  Unfortunately, the tool returned an error message indicating that it cannot search for flights in the past. This is because you've selected June 7th, 2026 as your travel date.  **Reason:** To perform a flight search, we need to select a future date.  Would you like to try "
200,search all flights from Rome to Barcelona in 2026-06-07,True,search_flights,"{""origin"": ""FCO"", ""destination"": ""BCN"", ""date"": ""2026-06-07""}",0.0413,0.0001,0.0,0.0413,"**Flight Search Results**  Unfortunately, the tool returned an error message indicating that it cannot search for flights in the past. This is because you've selected June 7th, 2026 as your travel date.  **Reason:** To perform a flight search, we need to select a future date.  Would you like to try "
